,date_time,incident_number,location,nature,incident_ori
0,8/1/2024 0:04,2024-00055419,1345 W LINDSEY ST,Traffic Stop,OK0140200
1,8/1/2024 0:18,2024-00055420,1820 BEVERLY HILLS ST,Suspicious,OK0140200
2,8/1/2024 0:19,2024-00055421,5401 HUETTNER DR,Welfare Check,OK0140200
3,8/1/2024 0:22,2024-00015377,3300 HEALTHPLEX PKWY,Transfer/Interfacility,EMSSTAT
4,8/1/2024 0:33,2024-00055422,S BERRY RD / W LINDSEY ST,Traffic Stop,OK0140200
5,8/1/2024 0:36,2024-00055425,4828 E LINDSEY ST,Burglary,OK0140200
6,8/1/2024 0:37,2024-00055423,2541 W MAIN ST,Suspicious,OK0140200
7,8/1/2024 0:38,2024-00055424,333 N CARTER AVE,Contact a Subject,OK0140200
8,8/1/2024 0:38,2024-00055426,320 CHAUTAUQUA AVE,Disturbance/Domestic,OK0140200
9,8/1/2024 0:42,2024-00055429,2550 MOUNT WILLIAMS DR,Motorist Assist,OK0140200
10,8/1/2024 0:43,2024-00055428,201 WOODCREST DR,Noise Complaint,OK0140200
11,8/1/2024 0:44,2024-00055427,35.2055516666667;-97.476835,Contact a Subject,OK0140200
12,8/1/2024 0:53,2024-00055430,178 S JAMES GARNER AVE,Traffic Stop,OK0140200
13,8/1/2024 1:04,2024-00055431,24TH AVE NW / TEE DR,Traffic Stop,OK0140200
14,8/1/2024 1:07,2024-00055432,E LINDSEY ST / MCKINLEY AVE,Traffic Stop,OK0140200
15,8/1/2024 1:08,2024-00055433,2401 N PORTER AVE,Welfare Check,OK0140200
16,8/1/2024 1:09,2024-00015378,2000 ANN BRANDEN BLVD,Transfer/Interfacility,EMSSTAT
17,8/1/2024 1:12,2024-00015380,2000 ANN BRANDEN BLVD,Transfer/Interfacility,EMSSTAT
18,8/1/2024 1:14,2024-00055434,1419 W LINDSEY ST,Traffic Stop,OK0140200
19,8/1/2024 1:17,2024-00015379,3300 HEALTHPLEX PKWY,Transfer/Interfacility,EMSSTAT
20,8/1/2024 1:18,2024-00055435,1229 WYLIE RD,Contact a Subject,OK0140200
21,8/1/2024 1:19,2024-00055436,I35 SB ON RAMP 108B WEST SPUR RAMP RAMP,Traffic Stop,OK0140200
22,8/1/2024 1:19,2024-00055437,N FLOOD AVE / ATCHISON DR,Traffic Stop,OK0140200
23,8/1/2024 1:28,2024-90000313,504 N Ponca AV,Larceny,OK0140200
24,8/1/2024 1:28,2024-00055438,2300 W ROBINSON ST,Traffic Stop,OK0140200
25,8/1/2024 1:29,2024-00055439,1201 12TH AVE NE,Trespassing,OK0140200
26,8/1/2024 1:34,2024-00055441,5824 ALAMEDA ST,Suspicious,OK0140200
27,8/1/2024 1:35,2024-00055440,E DUFFY ST / MONNETT AVE,Traffic Stop,OK0140200
28,8/1/2024 1:47,2024-00011413,917 24TH AVE SW,Unconscious/Fainting,14005
29,8/1/2024 1:47,2024-00015381,917 24TH AVE SW,Unconscious/Fainting,EMSSTAT
30,8/1/2024 1:47,2024-00055443,917 24TH AVE SW,Medical Call Pd Requested,OK0140200
31,8/1/2024 1:49,2024-00055442,1605 OLD FARM RD,Shots Heard,OK0140200
32,8/1/2024 1:52,2024-00055444,1400 W LINDSEY ST,Traffic Stop,OK0140200
33,8/1/2024 1:58,2024-00055445,9721 LITTLE RIVER DR,Disturbance/Domestic,OK0140200
34,8/1/2024 2:03,2024-00055446,800 N BERRY RD,Alarm,OK0140200
35,8/1/2024 2:07,2024-00055447,36TH AVE NW / W TECUMSEH RD,Welfare Check,OK0140200
36,8/1/2024 2:17,2024-00055449,2609 CHATEAU DR,Supplement Report,OK0140200
37,8/1/2024 2:17,2024-00055448,4200 E STATE HWY 9 HWY,Traffic Stop,OK0140200
38,8/1/2024 2:24,2024-00055450,3100 MEDICAL PARK PL,Trespassing,OK0140200
39,8/1/2024 2:30,2024-00011414,3300 CADDO LN,Convulsion/Seizure,14005
40,8/1/2024 2:30,2024-00015382,3300 CADDO LN,Convulsion/Seizure,EMSSTAT
41,8/1/2024 2:30,2024-90000314,201 WOODCREST DR UNIT 1201,Larceny,OK0140200
42,8/1/2024 2:37,2024-00055451,N BERRY RD / W MAIN ST,Traffic Stop,OK0140200
43,8/1/2024 2:38,2024-00011415,2900 W MAIN ST,MVA With Injuries,14005
44,8/1/2024 2:38,2024-00015383,2900 W MAIN ST,MVA With Injuries,EMSSTAT
45,8/1/2024 2:46,2024-00011416,1514 ALADDIN ST,Sick Person,14005
46,8/1/2024 2:46,2024-00015384,1514 ALADDIN ST,Sick Person,EMSSTAT
47,8/1/2024 2:53,2024-00055452,909 24TH AVE SW,Disturbance/Domestic,OK0140200
48,8/1/2024 3:00,2024-00011418,5401 HUETTNER DR,Overdose/Poisoning,14005
49,8/1/2024 3:00,2024-00015386,5401 HUETTNER DR,Overdose/Poisoning,EMSSTAT
50,8/1/2024 3:00,2024-00055453,5401 HUETTNER DR,Mutual Aid,OK0140200
51,8/1/2024 3:02,2024-00011417,1776 E ROBINSON ST,Unconscious/Fainting,14005
52,8/1/2024 3:02,2024-00015385,1776 E ROBINSON ST,Diabetic Problems,EMSSTAT
53,8/1/2024 3:05,2024-90000315,363 N Interstate,Larceny,OK0140200
54,8/1/2024 3:16,2024-00055454,5712 SPRING MILL RD,Disturbance/Domestic,OK0140200
55,8/1/2024 3:25,2024-00055455,3001 PHEASANT RUN RD,Contact a Subject,OK0140200
56,8/1/2024 3:42,2024-00055456,4600 36TH AVE NW,Suspicious,OK0140200
57,8/1/2024 3:55,2024-00015387,1101 N PONCA AVE,Heat/Cold Exposure,EMSSTAT
58,8/1/2024 4:10,2024-00011419,2701 BISHOPS DR,Breathing Problems,14005
59,8/1/2024 4:10,2024-00015388,2701 BISHOPS DR,Breathing Problems,EMSSTAT
60,8/1/2024 4:17,2024-00055457,800 N BERRY RD,Alarm,OK0140200
61,8/1/2024 4:21,2024-00055458,302 N INTERSTATE DR,Alarm,OK0140200
62,8/1/2024 4:38,2024-00055459,W TECUMSEH RD / N INTERSTATE DR,Contact a Subject,OK0140200
63,8/1/2024 5:04,2024-00011420,716 PEPPERTREE CT,Public Assist,14005
64,8/1/2024 5:17,2024-00055460,5824 ALAMEDA ST,Larceny,OK0140200
65,8/1/2024 5:25,2024-00011421,3300 CADDO LN,Convulsion/Seizure,14005
66,8/1/2024 5:25,2024-00015389,3300 CADDO LN,Convulsion/Seizure,EMSSTAT
67,8/1/2024 5:32,2024-00055461,810 WYLIE RD,Larceny,OK0140200
68,8/1/2024 5:32,2024-00055463,860 N INTERSTATE DR,Alarm,OK0140200
69,8/1/2024 5:32,2024-00055462,1230 CLASSEN BLVD,Disturbance/Domestic,OK0140200
70,8/1/2024 5:45,2024-00055464,2609 CHATEAU DR,Runaway or Lost Child,OK0140200
71,8/1/2024 6:04,2024-00011422,1408 FOREST GLENN CIR,Chest Pain,14005
72,8/1/2024 6:04,2024-00015390,1408 FOREST GLENN CIR,Chest Pain,EMSSTAT
73,8/1/2024 6:22,2024-00055470,PARKWAY DR / 26TH AVE NW,MVA Non Injury,OK0140200
74,8/1/2024 6:24,2024-00055465,801 N PETERS AVE,Public Intoxication,OK0140200
75,8/1/2024 6:26,2024-00055466,1016 26TH AVE NW,Disturbance/Domestic,OK0140200
76,8/1/2024 6:28,2024-00055467,5824 ALAMEDA ST,Suspicious,OK0140200
77,8/1/2024 6:28,2024-00011423,1776 E ROBINSON ST,Stroke,14005
78,8/1/2024 6:28,2024-00015391,1776 E ROBINSON ST,Stroke,EMSSTAT
79,8/1/2024 6:36,2024-00055468,1617 ROCK HOLLOW DR,Open Door/Premises Check,OK0140200
80,8/1/2024 6:40,2024-00055472,ELM AVE / W BROOKS ST,Check Area,OK0140200
81,8/1/2024 6:45,2024-00011424,180 W BROOKS ST,Public Assist,14005
82,8/1/2024 6:51,2024-00055473,419 24TH AVE NW,Vandalism,OK0140200
83,8/1/2024 6:59,2024-00055469,800 E STATE HWY 9 HWY,Traffic Stop,OK0140200
84,8/1/2024 7:05,2024-00055471,BEAUMONT DR / SINCLAIR DR,Traffic Stop,OK0140200
85,8/1/2024 7:22,2024-00055474,4119 GREEN HILLS DR,Check Area,OK0140200
86,8/1/2024 7:35,2024-00055475,1300 WHIPPOORWILL DR,Traffic Stop,OK0140200
87,8/1/2024 7:38,2024-00055476,1616 ROCK HOLLOW DR,Suspicious,OK0140200
88,8/1/2024 7:39,2024-00015392,3300 HEALTHPLEX PKWY,Transfer/Interfacility,EMSSTAT
89,8/1/2024 7:39,2024-00055478,1115 E CONSTITUTION ST,Alarm,OK0140200
90,8/1/2024 7:40,2024-00055477,1000 N FLOOD AVE,Traffic Stop,OK0140200
91,8/1/2024 7:48,2024-00055479,2209 CHADWICK DR,Suspicious,OK0140200
92,8/1/2024 8:00,2024-00055526,620 E ACRES ST,Animal Complaint,OK0140200
93,8/1/2024 8:00,2024-00055550,409 SUMMIT WAY,Animal Dead,OK0140200
94,8/1/2024 8:06,2024-00055579,4117 SILVERTON CIR,Animal Dead,OK0140200
95,8/1/2024 8:13,2024-00055480,RC LUTTRELL DR / HEALTHPLEX PKWY,Traffic Stop,OK0140200
96,8/1/2024 8:14,2024-00055481,1124 N PORTER AVE,Alarm,OK0140200
97,8/1/2024 8:17,2024-00055482,24TH AVE SE / E STATE HWY 9 HWY,Motorist Assist,OK0140200
98,8/1/2024 8:22,2024-00011425,1105 COLLEGE AVE,Fire Alarm,14005
99,8/1/2024 8:23,2024-00055483,1659 BEAUMONT DR,Traffic Stop,OK0140200
100,8/1/2024 8:29,2024-00055484,RC LUTTRELL DR / HEALTHPLEX PKWY,Traffic Stop,OK0140200
101,8/1/2024 8:30,2024-00055485,3500 36TH AVE NW,Traffic Stop,OK0140200
102,8/1/2024 8:33,2024-00055486,1002 24TH AVE SW,Welfare Check,OK0140200
103,8/1/2024 8:37,2024-00055487,2100 36TH AVE NW,Traffic Stop,OK0140200
104,8/1/2024 8:38,2024-00055488,1000 168TH AVE NE,Traffic Stop,OK0140200
105,8/1/2024 8:38,2024-00011426,1301 OLMSTEAD CT,Breathing Problems,14005
106,8/1/2024 8:38,2024-00015393,1301 OLMSTEAD CT,Breathing Problems,EMSSTAT
107,8/1/2024 8:41,2024-00055489,194 E STATE HWY 9 HWY,Traffic Stop,OK0140200
108,8/1/2024 8:42,2024-00055490,513 MIDLAND DR,Follow Up,OK0140200
109,8/1/2024 8:49,2024-00055492,1911 TWISTED OAK DR,Vandalism,OK0140200
110,8/1/2024 8:50,2024-00055491,36TH AVE NW / BUCKINGHAM DR,Traffic Stop,OK0140200
111,8/1/2024 8:50,2024-00055495,4016 MAYFAIR DR,Alarm,OK0140200
112,8/1/2024 8:51,2024-00055493,36TH AVE NW / HEALTHPLEX PKWY,Traffic Stop,OK0140200
113,8/1/2024 8:54,2024-00055494,17661 E STATE HWY 9 HWY,Traffic Stop,OK0140200
114,8/1/2024 8:58,2024-00055496,24TH AVE NW / W MAIN ST,Traffic Stop,OK0140200
115,8/1/2024 8:59,2024-00055497,1100 24TH AVE NE,Traffic Stop,OK0140200
116,8/1/2024 9:00,2024-00055498,2901 OAK TREE AVE,Item Assignment,OK0140200
117,8/1/2024 9:00,2024-00055517,3205 COTSWOLD SQ,Animal Injured,OK0140200
118,8/1/2024 9:00,2024-00055572,1029 CONNELLY LN,Animal Dead,OK0140200
119,8/1/2024 9:01,2024-00011427,1310 1/2 GEORGE AVE,Stroke,14005
120,8/1/2024 9:01,2024-00015394,1310 1/2 GEORGE AVE,Stroke,EMSSTAT
121,8/1/2024 9:07,2024-00055499,3044 36TH AVE NW,Traffic Stop,OK0140200
122,8/1/2024 9:09,2024-00055500,3416 36TH AVE NW,Traffic Stop,OK0140200
123,8/1/2024 9:18,2024-00055501,407 E DUFFY ST,Larceny,OK0140200
124,8/1/2024 9:21,2024-00055502,1261 HONEYBEE CT,Fraud,OK0140200
125,8/1/2024 9:22,2024-00055504,201 REED AVE,Check Area,OK0140200
126,8/1/2024 9:26,2024-00055503,1104 WHISPERING PINES DR,Alarm,OK0140200
127,8/1/2024 9:33,2024-00055505,112 W DAWS ST,Pick Up Partner,OK0140200
128,8/1/2024 9:40,2024-00011428,2818 CLASSEN BLVD,Diabetic Problems,14005
129,8/1/2024 9:40,2024-00015395,2818 CLASSEN BLVD,Diabetic Problems,EMSSTAT
130,8/1/2024 9:47,2024-00055529,2630 12TH AVE NW,Supplement Report,OK0140200
131,8/1/2024 9:52,2024-00055506,3629 TECUMSEH DR,Traffic Stop,OK0140200
132,8/1/2024 9:54,2024-00055513,3705 ANDREW CT,Supplement Report,OK0140200
133,8/1/2024 9:56,2024-00055507,2505 W TECUMSEH RD,Traffic Stop,OK0140200
134,8/1/2024 9:57,2024-00055509,3500 HEALTHPLEX PKWY,911 Call Nature Unknown,OK0140200
135,8/1/2024 9:57,2024-00055508,1309 W LINDSEY ST,Traffic Stop,OK0140200
136,8/1/2024 9:59,2024-00055510,1683 BEAUMONT DR,Traffic Stop,OK0140200
137,8/1/2024 10:02,2024-00055511,801 E ROBINSON ST,Traffic Stop,OK0140200
138,8/1/2024 10:05,2024-00055512,1300 N I35 SB I,Motorist Assist,OK0140200
139,8/1/2024 10:09,2024-00055514,N FLOOD AVE / W ACRES ST,Traffic Stop,OK0140200
140,8/1/2024 10:12,2024-00055518,930 24TH AVE SW,Welfare Check,OK0140200
141,8/1/2024 10:12,2024-00055515,1772 W TECUMSEH RD,Traffic Stop,OK0140200
142,8/1/2024 10:13,2024-00011429,1321 REGENT ST,Falls,14005
143,8/1/2024 10:13,2024-00015396,1321 REGENT ST,Falls,EMSSTAT
144,8/1/2024 10:17,2024-00055519,3300 HEALTHPLEX PKWY,Escort/Transport,OK0140200
145,8/1/2024 10:18,2024-00055516,1824 W TECUMSEH RD,Traffic Stop,OK0140200
146,8/1/2024 10:19,2024-00055520,WYLIE RD / W BOYD ST,Welfare Check,OK0140200
147,8/1/2024 10:22,2024-00055521,1115 BILOXI DR,Animal at Large,OK0140200
148,8/1/2024 10:41,2024-00055528,105 E DAWS ST,Animal at Large,OK0140200
149,8/1/2024 10:42,2024-00055522,817 BRANCHWOOD CT,Parking Problem,OK0140200
150,8/1/2024 10:48,2024-00055523,3428 JENKINS AVE,Animal Complaint,OK0140200
151,8/1/2024 10:49,2024-00015402,3300 HEALTHPLEX PKWY,Transfer/Interfacility,EMSSTAT
152,8/1/2024 10:58,2024-00055524,600 N FLOOD AVE,Traffic Stop,OK0140200
153,8/1/2024 10:59,2024-00055525,1209 MELISA DR,Parking Problem,OK0140200
154,8/1/2024 11:11,2024-00011430,4501 W MAIN ST,Falls,14005
155,8/1/2024 11:11,2024-00015397,4501 W MAIN ST,Falls,EMSSTAT
156,8/1/2024 11:12,2024-00055527,2301 NEWMAN ST,Contact a Subject,OK0140200
157,8/1/2024 11:16,2024-00011431,900 N PORTER AVE,Abdominal Pains/Problems,14005
158,8/1/2024 11:16,2024-00015398,900 N PORTER AVE,Abdominal Pains/Problems,EMSSTAT
159,8/1/2024 11:17,2024-00055530,1878 W TECUMSEH RD,Traffic Stop,OK0140200
160,8/1/2024 11:22,2024-00055531,2300 W MAIN ST,Indecent Exposure,OK0140200
161,8/1/2024 11:25,2024-00055532,825 S PONCA AVE,Animal Trapped,OK0140200
162,8/1/2024 11:30,2024-00011432,430 N BERRY RD,Convulsion/Seizure,14005
163,8/1/2024 11:30,2024-00015399,430 N BERRY RD,Convulsion/Seizure,EMSSTAT
164,8/1/2024 11:33,2024-00015407,3300 HEALTHPLEX PKWY,Transfer/Interfacility,EMSSTAT
165,8/1/2024 11:34,2024-00015419,3300 HEALTHPLEX PKWY,Transfer/Interfacility,EMSSTAT
166,8/1/2024 11:44,2024-00055533,605 W BROOKS ST,Alarm,OK0140200
167,8/1/2024 11:46,2024-00055585,5545 12TH AVE NW,Animal Dead,OK0140200
168,8/1/2024 11:48,2024-00055534,3726 W TECUMSEH RD,Traffic Stop,OK0140200
169,8/1/2024 11:50,2024-00055535,930 24TH AVE SW,Suspicious,OK0140200
170,8/1/2024 11:53,2024-00055537,2070 24TH AVE NW,Hit and Run,OK0140200
171,8/1/2024 11:55,2024-00055536,615 12TH AVE NE,Trespassing,OK0140200
172,8/1/2024 12:07,2024-00055546,2301 36TH AVE NW,Supplement Report,OK0140200
173,8/1/2024 12:13,2024-00055538,2630 12TH AVE NW,Stolen Vehicle,OK0140200
174,8/1/2024 12:15,2024-00015400,4501 W MAIN ST,Sick Person,EMSSTAT
175,8/1/2024 12:18,2024-00015401,3300 HEALTHPLEX PKWY,Transfer/Interfacility,EMSSTAT
176,8/1/2024 12:44,2024-00015403,4501 W MAIN ST,Sick Person,EMSSTAT
177,8/1/2024 12:47,2024-00015405,700 S TELEPHONE RD,Transfer/Interfacility,EMSSTAT
178,8/1/2024 12:47,2024-00015404,4501 W MAIN ST,Falls,EMSSTAT
179,8/1/2024 12:49,2024-00055540,3499 W MAIN ST,Disturbance/Domestic,OK0140200
180,8/1/2024 12:49,2024-00055539,614 JENKINS AVE,Motorist Assist,OK0140200
181,8/1/2024 12:52,2024-00055541,715 W BROOKS ST,Parking Problem,OK0140200
182,8/1/2024 12:53,2024-00015408,2000 ANN BRANDEN BLVD,Transfer/Interfacility,EMSSTAT
183,8/1/2024 12:58,2024-00055543,N FLOOD AVE / VENTURE DR,Welfare Check,OK0140200
184,8/1/2024 12:58,2024-00055542,1251 ALAMEDA ST,Follow Up,OK0140200
185,8/1/2024 13:00,2024-00055544,700 24TH AVE NW,Welfare Check,OK0140200
186,8/1/2024 13:05,2024-00055545,"TOP TIER TACTICAL, DEL CITY",Item Assignment,OK0140200
187,8/1/2024 13:08,2024-00011433,1100 N INTERSTATE DR,Fire Alarm,14005
188,8/1/2024 13:09,2024-00055566,2200 CLASSEN BLVD,Supplement Report,OK0140200
189,8/1/2024 13:10,2024-00055547,559 W MAIN ST,Disturbance/Domestic,OK0140200
190,8/1/2024 13:10,2024-00055548,2555 HEMPHILL DR,Stolen Vehicle,OK0140200
191,8/1/2024 13:21,2024-00055549,CLASSEN BLVD / E CONSTITUTION ST,MVA Non Injury,OK0140200
192,8/1/2024 13:23,2024-00011434,401 156TH AVE NE,Sick Person,14005
193,8/1/2024 13:23,2024-00015406,401 156TH AVE NE,Sick Person,EMSSTAT
194,8/1/2024 13:29,2024-00015411,2000 ANN BRANDEN BLVD,Transfer/Interfacility,EMSSTAT
195,8/1/2024 13:31,2024-00055551,35.2098315742751;-97.4191452383731,Follow Up,OK0140200
196,8/1/2024 13:33,2024-00011435,4801 E FRANKLIN RD,Fire Alarm,14005
197,8/1/2024 13:34,2024-00055552,1615 IOWA ST,Item Assignment,OK0140200
198,8/1/2024 13:35,2024-00055553,6472 ALAMEDA ST,Traffic Stop,OK0140200
199,8/1/2024 13:35,2024-00055554,1330 E LINDSEY ST,Contact a Subject,OK0140200
200,8/1/2024 13:37,2024-00055555,3558 N FLOOD AVE,Traffic Stop,OK0140200
201,8/1/2024 13:46,2024-00055556,421 E ACRES ST,Alarm,OK0140200
202,8/1/2024 13:48,2024-00011436,3369 W MAIN ST,Falls,14005
203,8/1/2024 13:48,2024-00015409,3369 W MAIN ST,Falls,EMSSTAT
204,8/1/2024 13:50,2024-00055557,599 24TH AVE NE,Traffic Stop,OK0140200
205,8/1/2024 13:51,2024-00055558,3942 JENKINS AVE,Fraud,OK0140200
206,8/1/2024 13:54,2024-90000316,3550 W Robinson,Fraud,OK0140200
207,8/1/2024 13:58,2024-00055559,1800 BEAUMONT DR,Contact a Subject,OK0140200
208,8/1/2024 13:59,2024-00055560,200 VICKSBURG AVE,Disturbance/Domestic,OK0140200
209,8/1/2024 14:00,2024-00055571,201 W GRAY ST,Follow Up,OK0140200
210,8/1/2024 14:01,2024-00055561,2370 ASHWOOD LN,Traffic Stop,OK0140200
211,8/1/2024 14:03,2024-00055562,1015 INTERSTATE DR,Larceny,OK0140200
212,8/1/2024 14:05,2024-00055563,800 LEXINGTON ST,Animal Complaint,OK0140200
213,8/1/2024 14:20,2024-00055564,587 24TH AVE NE,Traffic Stop,OK0140200
214,8/1/2024 14:21,2024-00055565,7000 E FRANKLIN RD,Traffic Stop,OK0140200
215,8/1/2024 14:22,2024-00055567,9821 LITTLE RIVER DR,Disturbance/Domestic,OK0140200
216,8/1/2024 14:22,2024-00011437,9821 LITTLE RIVER DR,Convulsion/Seizure,14005
217,8/1/2024 14:22,2024-00015410,9821 LITTLE RIVER DR,Convulsion/Seizure,EMSSTAT
218,8/1/2024 14:26,2024-00055568,36TH AVE NW / HEALTHPLEX PKWY,Traffic Stop,OK0140200
219,8/1/2024 14:26,2024-00055569,5010 POINT FOWLER AVE,Runaway or Lost Child,OK0140200
220,8/1/2024 14:28,2024-00015415,2000 ANN BRANDEN BLVD,Transfer/Interfacility,EMSSTAT
221,8/1/2024 14:28,2024-00055570,100 12TH AVE NE,Fraud,OK0140200
222,8/1/2024 14:33,2024-00055573,3901 CASTLEROCK RD,Animal Injured,OK0140200
223,8/1/2024 14:40,2024-00011438,301 E DALE ST,Falls,14005
224,8/1/2024 14:40,2024-00015412,301 E DALE ST,Falls,EMSSTAT
225,8/1/2024 14:45,2024-00055574,333 12TH AVE SE,Trespassing,OK0140200
226,8/1/2024 14:46,2024-00055586,1119 MOCKINGBIRD LN,Animal Dead,OK0140200
227,8/1/2024 14:47,2024-00011439,501 E ROBINSON ST,Falls,14005
228,8/1/2024 14:47,2024-00015413,501 E ROBINSON ST,Falls,EMSSTAT
229,8/1/2024 14:55,2024-00011440,1124 W EUFAULA ST,Sick Person,14005
230,8/1/2024 14:55,2024-00015414,1124 W EUFAULA ST,Sick Person,EMSSTAT
231,8/1/2024 14:56,2024-00011441,3909 24TH AVE NW,Breathing Problems,14005
232,8/1/2024 14:56,2024-00015416,3909 24TH AVE NW,Breathing Problems,EMSSTAT
233,8/1/2024 14:57,2024-00055575,W TECUMSEH RD / MEDICAL PARK DR,Traffic Stop,OK0140200
234,8/1/2024 15:02,2024-00055576,ALAMEDA ST / 12TH AVE NE,Contact a Subject,OK0140200
235,8/1/2024 15:03,2024-00011442,4104 TROON ST,Falls,14005
236,8/1/2024 15:03,2024-00015417,4104 TROON ST,Falls,EMSSTAT
237,8/1/2024 15:08,2024-00011443,2803 24TH AVE NW,Public Assist,14005
238,8/1/2024 15:09,2024-00055590,14400 E FRANKLIN RD,Animal Trapped,OK0140200
239,8/1/2024 15:10,2024-00011444,9821 LITTLE RIVER DR,Convulsion/Seizure,14005
240,8/1/2024 15:10,2024-00015418,9821 LITTLE RIVER DR,Convulsion/Seizure,EMSSTAT
241,8/1/2024 15:17,2024-00055577,24TH AVE NE / JACKSON DR,Traffic Stop,OK0140200
242,8/1/2024 15:18,2024-00055578,W LINDSEY ST / S BERRY RD,Hit and Run,OK0140200
243,8/1/2024 15:28,2024-00055581,1209 W LINDSEY ST,Hit and Run,OK0140200
244,8/1/2024 15:28,2024-00055580,HALRAY DR / BARKLEY ST,Traffic Stop,OK0140200
245,8/1/2024 15:29,2024-00015432,3300 HEALTHPLEX PKWY,Transfer/Interfacility,EMSSTAT
246,8/1/2024 15:29,2024-00055582,24TH AVE NE / JACKSON DR,Traffic Stop,OK0140200
247,8/1/2024 15:35,2024-00055583,333 12TH AVE SE,Traffic Stop,OK0140200
248,8/1/2024 15:36,2024-00055584,4403 12TH AVE SE,Disturbance/Domestic,OK0140200
249,8/1/2024 15:46,2024-00055587,333 12TH AVE SE,Trespassing,OK0140200
250,8/1/2024 15:46,2024-00015428,3300 HEALTHPLEX PKWY,Transfer/Interfacility,EMSSTAT
251,8/1/2024 15:53,2024-00055588,800 LEXINGTON ST,Contact a Subject,OK0140200
252,8/1/2024 15:55,2024-00015420,2000 ANN BRANDEN BLVD,Transfer/Interfacility,EMSSTAT
253,8/1/2024 16:06,2024-00015421,3300 HEALTHPLEX PKWY,Transfer/Interfacility,EMSSTAT
254,8/1/2024 16:12,2024-00055591,2206 HAVERFORD CT,Harassment / Threats Report,OK0140200
255,8/1/2024 16:12,2024-00055592,1900 RENAISSANCE DR,911 Call Nature Unknown,OK0140200
256,8/1/2024 16:13,2024-00055589,26TH AVE SW / W MAIN ST,MVA Non Injury,OK0140200
257,8/1/2024 16:18,2024-00055593,DRAKE DR / CLASSEN BLVD,Traffic Stop,OK0140200
258,8/1/2024 16:19,2024-00011445,1603 PINEWOOD DR,Abdominal Pains/Problems,14005
259,8/1/2024 16:19,2024-00015422,1603 PINEWOOD DR,Abdominal Pains/Problems,EMSSTAT
260,8/1/2024 16:19,2024-00055603,1502 E LINDSEY ST,Animal Complaint,OK0140200
261,8/1/2024 16:22,2024-00055595,3020 TWIN ACRES DR,Welfare Check,OK0140200
262,8/1/2024 16:26,2024-00015423,1401 SW 34TH ST,Transfer/Interfacility,EMSSTAT
263,8/1/2024 16:26,2024-00055594,290 S PETERS AVE,Traffic Stop,OK0140200
264,8/1/2024 16:27,2024-00055598,E STATE HWY 9 HWY / 24TH AVE SE,Welfare Check,OK0140200
265,8/1/2024 16:28,2024-00055596,1311 DA VINCI ST,Pick Up Partner,OK0140200
266,8/1/2024 16:31,2024-00055597,1311 DA VINCI ST,Pick Up Partner,OK0140200
267,8/1/2024 16:31,2024-00055600,3300 HEALTHPLEX PKWY,Escort/Transport,OK0140200
268,8/1/2024 16:36,2024-00055599,406 MACY ST,Fraud,OK0140200
269,8/1/2024 16:37,2024-00055604,112 W DAWS ST,Contact a Subject,OK0140200
270,8/1/2024 16:45,2024-00055601,4201 28TH AVE NW,Runaway or Lost Child,OK0140200
271,8/1/2024 16:45,2024-00011446,610 OLIVER ST,Overdose/Poisoning,14005
272,8/1/2024 16:45,2024-00015424,610 OLIVER ST,Overdose/Poisoning,EMSSTAT
273,8/1/2024 16:45,2024-00055602,610 OLIVER ST,Welfare Check,OK0140200
274,8/1/2024 16:51,2024-00015426,3300 HEALTHPLEX PKWY,Transfer/Interfacility,EMSSTAT
275,8/1/2024 16:52,2024-00011447,602 WELSTON CIR,Public Assist,14005
276,8/1/2024 16:56,2024-90000317,1444 24th Ave NW STREET,Larceny,OK0140200
277,8/1/2024 16:58,2024-00015427,2000 ANN BRANDEN BLVD,Transfer/Interfacility,EMSSTAT
278,8/1/2024 17:02,2024-00055605,201 WOODCREST DR,Larceny,OK0140200
279,8/1/2024 17:03,2024-00055610,406 MACY ST,Fraud,OK0140200
280,8/1/2024 17:04,2024-00011448,18700 E INDIAN HILLS RD,Convulsion/Seizure,14005
281,8/1/2024 17:04,2024-00015425,18700 E INDIAN HILLS RD,Convulsion/Seizure,EMSSTAT
282,8/1/2024 17:06,2024-00055606,250 E STATE HWY 9 HWY,Traffic Stop,OK0140200
283,8/1/2024 17:13,2024-00055611,411 E FRANK ST,Hit and Run,OK0140200
284,8/1/2024 17:18,2024-00055619,3300 HEALTHPLEX PKWY,Escort/Transport,OK0140200
285,8/1/2024 17:21,2024-00055607,JENKINS AVE / W STATE HWY 9 HWY,Traffic Stop,OK0140200
286,8/1/2024 17:25,2024-00055608,467 24TH AVE NE,Traffic Stop,OK0140200
287,8/1/2024 17:26,2024-00055609,W MAIN ST / 48TH AVE NW,Suspicious,OK0140200
288,8/1/2024 17:30,2024-00055612,1148 W STATE HWY 9 HWY,Traffic Stop,OK0140200
289,8/1/2024 17:31,2024-00055614,I35 SB OFF RAMP 108A RAMP / W STATE HWY 9,Mutual Aid,OK0140200
290,8/1/2024 17:34,2024-00055613,E ROBINSON ST / N PONCA AVE,Traffic Stop,OK0140200
291,8/1/2024 17:40,2024-00055625,4599 HERITAGE PLACE DR,Larceny,OK0140200
292,8/1/2024 17:42,2024-00015429,1544 OK-9,Stroke,EMSSTAT
293,8/1/2024 17:44,2024-00055615,1000 N I35 NB I,Traffic Stop,OK0140200
294,8/1/2024 17:45,2024-00055616,1909 BEAUMONT DR,Disturbance/Domestic,OK0140200
295,8/1/2024 17:48,2024-00055617,238 36TH AVE NW,Traffic Stop,OK0140200
296,8/1/2024 17:48,2024-00011449,156TH AVE NE / E INDIAN HILLS RD,Fire Grass,14005
297,8/1/2024 17:51,2024-00055618,1004 MONTGOMERY CIR,Disturbance/Domestic,OK0140200
298,8/1/2024 17:51,2024-00011450,1004 MONTGOMERY CIR,Assault EMS Needed,14005
299,8/1/2024 17:51,2024-00015430,1004 MONTGOMERY CIR,Assault EMS Needed,EMSSTAT
300,8/1/2024 17:55,2024-00055620,WHEATLAND DR / 24TH AVE SE,Motorist Assist,OK0140200
301,8/1/2024 17:56,2024-00011451,3520 W TECUMSEH RD,Heat/Cold Exposure,14005
302,8/1/2024 17:56,2024-00015431,3520 W TECUMSEH RD,Heat/Cold Exposure,EMSSTAT
303,8/1/2024 18:03,2024-00055622,188 24TH AVE SE,911 Call Nature Unknown,OK0140200
304,8/1/2024 18:04,2024-00055621,H E BLACK DR / 36TH AVE NW,Traffic Stop,OK0140200
305,8/1/2024 18:07,2024-00055623,1331 DENISON DR,Check Area,OK0140200
306,8/1/2024 18:11,2024-00015434,2000 ANN BRANDEN BLVD,Transfer/Interfacility,EMSSTAT
307,8/1/2024 18:15,2024-00055624,2501 CONFERENCE DR,Disturbance/Domestic,OK0140200
308,8/1/2024 18:18,2024-00055626,1002 24TH AVE SW,Public Intoxication,OK0140200
309,8/1/2024 18:24,2024-00055630,1721 JENNIFER CIR,Pick Up Items,OK0140200
310,8/1/2024 18:24,2024-00055632,3300 HEALTHPLEX PKWY,Found Item,OK0140200
311,8/1/2024 18:26,2024-00055627,1200 E LINDSEY ST,Alarm Holdup/Panic,OK0140200
312,8/1/2024 18:28,2024-00055628,313 CINDY AVE,Disturbance/Domestic,OK0140200
313,8/1/2024 18:44,2024-00055629,3620 24TH AVE NW,Follow Up,OK0140200
314,8/1/2024 18:55,2024-00055633,112 W DAWS ST,Supplement Report,OK0140200
315,8/1/2024 18:58,2024-00055631,561 BUCHANAN AVE,Alarm,OK0140200
316,8/1/2024 19:10,2024-00055634,148 REED AVE,Suspicious,OK0140200
317,8/1/2024 19:11,2024-00055636,201 S CRAWFORD AVE,Parking Problem,OK0140200
318,8/1/2024 19:12,2024-00055635,5401 HUETTNER DR,Disturbance/Domestic,OK0140200
319,8/1/2024 19:18,2024-00011452,2500 WATERLEAF DR,Falls,14005
320,8/1/2024 19:18,2024-00015433,2500 WATERLEAF DR,Falls,EMSSTAT
321,8/1/2024 19:20,2024-00055638,1920 12TH AVE NE,Fight,OK0140200
322,8/1/2024 19:21,2024-00055637,2576 CLASSEN BLVD,Traffic Stop,OK0140200
323,8/1/2024 19:21,2024-00055639,415 24TH AVE NW,Larceny,OK0140200
324,8/1/2024 19:24,2024-00055640,3624 PEREGRINE DR,Check Area,OK0140200
325,8/1/2024 19:33,2024-00055642,W TIMBERDELL RD / JENKINS AVE,Traffic Stop,OK0140200
326,8/1/2024 19:34,2024-00055659,1920 12TH AVE NE,Check Area,OK0140200
327,8/1/2024 19:36,2024-00055641,7027 E FRANKLIN RD,Traffic Stop,OK0140200
328,8/1/2024 19:39,2024-00015435,2000 ANN BRANDEN BLVD,Transfer/Interfacility,EMSSTAT
329,8/1/2024 19:46,2024-00055643,E LINDSEY ST / CLASSEN BLVD,Traffic Stop,OK0140200
330,8/1/2024 19:54,2024-00055647,E LINDSEY ST / CLASSEN BLVD,Traffic Stop,OK0140200
331,8/1/2024 19:57,2024-00055645,301 S PORTER AVE,Welfare Check,OK0140200
332,8/1/2024 19:57,2024-00015436,700 S TELEPHONE RD,Transfer/Interfacility,EMSSTAT
333,8/1/2024 19:59,2024-00015437,6700 I35 SERVICE RD,Abdominal Pains/Problems,EMSSTAT
334,8/1/2024 19:59,2024-00055646,2550 MOUNT WILLIAMS DR,Larceny,OK0140200
335,8/1/2024 20:00,2024-00055644,1380 W STATE HWY 9 HWY,Traffic Stop,OK0140200
336,8/1/2024 20:05,2024-00055648,1601 EAGLE NEST DR,Harassment / Threats Report,OK0140200
337,8/1/2024 20:07,2024-00055652,750 E LINDSEY ST,Traffic Stop,OK0140200
338,8/1/2024 20:09,2024-00055649,1769 24TH AVE SW,Traffic Stop,OK0140200
339,8/1/2024 20:12,2024-00015442,700 S TELEPHONE RD,Transfer/Interfacility,EMSSTAT
340,8/1/2024 20:13,2024-00055650,3400 N I35 SB I,Traffic Stop,OK0140200
341,8/1/2024 20:16,2024-00055651,1507 W LINDSEY ST,Follow Up,OK0140200
342,8/1/2024 20:17,2024-00055653,1821 ATCHISON DR,Alarm,OK0140200
343,8/1/2024 20:20,2024-00015438,2602 LINDEN AVE,Sick Person,EMSSTAT
344,8/1/2024 20:20,2024-00011453,2602 LINDEN AVE,Heart Problems/AICD,14005
345,8/1/2024 20:20,2024-00055654,JENKINS AVE / W STATE HWY 9 HWY,Traffic Stop,OK0140200
346,8/1/2024 20:23,2024-00011454,518 HOFFMANN DR,Fire Smoke Investigation,14005
347,8/1/2024 20:25,2024-00055657,1400 24TH AVE NW,Larceny,OK0140200
348,8/1/2024 20:27,2024-00055655,W TIMBERDELL RD / JENKINS AVE,Traffic Stop,OK0140200
349,8/1/2024 20:31,2024-00011455,S PONCA AVE / E EUFAULA ST,Convulsion/Seizure,14005
350,8/1/2024 20:31,2024-00015439,S PONCA AVE / E EUFAULA ST,Convulsion/Seizure,EMSSTAT
351,8/1/2024 20:35,2024-00055660,3001 PHEASANT RUN RD,Harassment / Threats Report,OK0140200
352,8/1/2024 20:36,2024-00055656,E COMANCHE ST / S CRAWFORD AVE,Contact a Subject,OK0140200
353,8/1/2024 20:38,2024-00055658,269 E STATE HWY 9 HWY,Traffic Stop,OK0140200
354,8/1/2024 20:46,2024-00015440,MAIN ST / CHESTNUT - GOLDSBY,Assault EMS Needed,EMSSTAT
355,8/1/2024 20:51,2024-00055662,1027 E BROOKS ST,Harassment / Threats Report,OK0140200
356,8/1/2024 20:56,2024-00055661,335 THOMPSON DR,Disturbance/Domestic,OK0140200
357,8/1/2024 21:02,2024-00011456,675 ED NOBLE PKWY,Fire Commercial,14005
358,8/1/2024 21:02,2024-00015441,675 ED NOBLE PKWY,Fire Commercial,EMSSTAT
359,8/1/2024 21:22,2024-00055663,24TH AVE NW / W ROBINSON ST,Welfare Check,OK0140200
360,8/1/2024 21:32,2024-00055672,3001 PHEASANT RUN RD,Contact a Subject,OK0140200
361,8/1/2024 21:35,2024-00055664,497 W JOHNSON ST,Traffic Stop,OK0140200
362,8/1/2024 21:37,2024-00011457,505 W COMANCHE ST,Fire Electrical Check,14005
363,8/1/2024 21:37,2024-00055665,505 W COMANCHE ST,Suspicious,OK0140200
364,8/1/2024 21:38,2024-00055666,2408 SPRINGER DR,Welfare Check,OK0140200
365,8/1/2024 21:45,2024-00015443,2000 ANN BRANDEN BLVD,Transfer/Interfacility,EMSSTAT
366,8/1/2024 21:48,2024-00055667,125 W ACRES ST,Disturbance/Domestic,OK0140200
367,8/1/2024 21:51,2024-00055668,S PETERS AVE / E MAIN ST,Traffic Stop,OK0140200
368,8/1/2024 21:52,2024-00055674,W IMHOFF RD / W STATE HWY 9 HWY,Motorist Assist,OK0140200
369,8/1/2024 22:03,2024-00055676,2920 CHAUTAUQUA AVE,911 Call Nature Unknown,OK0140200
370,8/1/2024 22:03,2024-00055669,814 E ROBINSON ST,Traffic Stop,OK0140200
371,8/1/2024 22:04,2024-00055670,W ROCK CREEK RD / N PORTER AVE,Traffic Stop,OK0140200
372,8/1/2024 22:06,2024-00055675,W TIMBERDELL RD / JENKINS AVE,Traffic Stop,OK0140200
373,8/1/2024 22:08,2024-00055671,601 12TH AVE SE,Traffic Stop,OK0140200
374,8/1/2024 22:10,2024-00055673,601 12TH AVE NE,Mutual Aid,OK0140200
375,8/1/2024 22:17,2024-00055677,610 OLIVER ST,COP DDACTS,OK0140200
376,8/1/2024 22:22,2024-00055679,1005 LEXINGTON AVE,Open Door/Premises Check,OK0140200
377,8/1/2024 22:28,2024-00011458,909 BRANDYWINE LN,Medical Call Pd Requested,14005
378,8/1/2024 22:28,2024-00015444,909 BRANDYWINE LN,Medical Call Pd Requested,EMSSTAT
379,8/1/2024 22:30,2024-00055678,E LINDSEY ST / BNSF RR,Traffic Stop,OK0140200
380,8/1/2024 22:36,2024-00055680,3160 CLASSEN BLVD,Traffic Stop,OK0140200
381,8/1/2024 22:41,2024-00055682,1434 24TH AVE SE,Suspicious,OK0140200
382,8/1/2024 22:44,2024-00055681,2201 W MAIN ST,Traffic Stop,OK0140200
383,8/1/2024 22:47,2024-00055683,809 N FINDLAY AVE,Contact a Subject,OK0140200
384,8/1/2024 22:53,2024-00055684,2825 DEWEY AVE,Disturbance/Domestic,OK0140200
385,8/1/2024 22:57,2024-00055686,2200 CLASSEN BLVD,Supplement Report,OK0140200
386,8/1/2024 22:58,2024-00055685,2724 W LINDSEY ST,Traffic Stop,OK0140200
387,8/1/2024 23:15,2024-00015445,2000 ANN BRANDEN BLVD,Transfer/Interfacility,EMSSTAT
388,8/1/2024 23:17,2024-00055687,TECHNOLOGY PL / E STATE HWY 9 HWY,Traffic Stop,OK0140200
389,8/1/2024 23:19,2024-00055689,W ACRES ST / N UNIVERSITY BLVD,911 Call Nature Unknown,OK0140200
390,8/1/2024 23:23,2024-00055688,24TH AVE SW / BUTLER DR,Traffic Stop,OK0140200
391,8/1/2024 23:31,2024-00055690,3001 PHEASANT RUN RD,Check Area,OK0140200
392,8/1/2024 23:36,2024-00055700,1031 RAMBLING OAKS DR,Noise Complaint,OK0140200
393,8/1/2024 23:37,2024-00055691,24TH AVE SE / E LINDSEY ST,Traffic Stop,OK0140200
394,8/1/2024 23:38,2024-00055692,W BOYD ST / COLLEGE AVE,Traffic Stop,OK0140200
395,8/1/2024 23:39,2024-00055693,1913 N PORTER AVE,Traffic Stop,OK0140200
396,8/1/2024 23:40,2024-00055694,523 12TH AVE NE,Traffic Stop,OK0140200
397,8/1/2024 23:41,2024-00055695,222 S PORTER AVE,Alarm,OK0140200
398,8/1/2024 23:44,2024-00055696,1434 24TH AVE SE,Suspicious,OK0140200
399,8/1/2024 23:46,2024-00055697,3809 BELHAVEN CIR,Welfare Check,OK0140200
400,8/1/2024 23:50,2024-00055698,2920 CHAUTAUQUA AVE,911 Call Nature Unknown,OK0140200
401,8/1/2024 23:59,2024-00055699,320 CHALMETTE DR,Suspicious,OK0140200
